Code,Frequency,Code Group
Leadership,66,Leadership
Uncertainty,57,Emotions
Communication,48,Communication
Collaboration,35,Communication
Teamwork,31,Workplace Orientation
Challenges,24,Communication
Professional Development,24,Professional Development
Organizational Culture,23,Organizational
Frustration,21,Emotions
Conflict,20,Conflict
Decision-making,19,Business Processes
Efficiency,19,Business Processes
Transitions,19,Professional Development
Feedback & Advice,17,Organizational
Workplace dynamics,16,Culture
Trust,15,Trust
Organizational Change,14,Organizational
Complexity,13,Communication
Financial Stress,13,Finance
Responsibility,13,Business Processes
Healthcare Industry,12,Business Processes
Professional Growth,12,Professional Development
Job change,11,Business Processes
Negotiation,11,Leadership
Professionalism,11,Culture
Work experience,11,Organizational
Confusion,10,Communication
Operating Challenges,10,Business Processes